,Insider Trading,Relationship,Date,Transaction,Cost,#Shares,Value ($),#Shares Total,SEC Form 4,Insider_id,Ticker
0,Baglino Andrew D,SVP Powertrain and Energy Eng.,2021-01-27,Option Exercise,41.57,1000.0,41570.0,20726.0,Jan 28 09:15 PM,1790565,TSLA
1,Baglino Andrew D,SVP Powertrain and Energy Eng.,2021-01-27,Sale,870.35,1500.0,1305525.0,19226.0,Jan 28 09:15 PM,1790565,TSLA
2,Kirkhorn Zachary,Chief Financial Officer,2021-01-19,Sale,837.74,1250.0,1047175.0,56257.0,Jan 21 08:43 PM,1771364,TSLA
3,Guillen Jerome M,"President, Automative",2021-01-11,Option Exercise,55.32,10000.0,553200.0,59959.0,Jan 14 06:14 PM,1584518,TSLA
4,Guillen Jerome M,"President, Automative",2021-01-11,Sale,833.75,10000.0,8337533.0,49959.0,Jan 14 07:30 PM,1584518,TSLA
5,Taneja Vaibhav,Chief Accounting Officer,2021-01-06,Option Exercise,54.67,4100.0,224139.0,20778.0,Jan 08 09:56 PM,1771340,TSLA
6,Taneja Vaibhav,Chief Accounting Officer,2021-01-06,Sale,762.99,4463.0,3405242.0,16315.0,Jan 08 09:56 PM,1771340,TSLA
7,Wilson-Thompson Kathleen,Director,2020-12-31,Option Exercise,44.95,13885.0,624131.0,15685.0,Jan 05 08:49 PM,1331680,TSLA
8,Wilson-Thompson Kathleen,Director,2020-12-31,Sale,697.57,13885.0,9685703.0,1800.0,Jan 05 08:49 PM,1331680,TSLA
9,Baglino Andrew D,SVP Powertrain and Energy Eng.,2020-12-28,Option Exercise,41.57,1000.0,41570.0,21226.0,Dec 30 08:58 PM,1790565,TSLA
10,Baglino Andrew D,SVP Powertrain and Energy Eng.,2020-12-28,Sale,674.68,1500.0,1012020.0,19726.0,Dec 30 08:58 PM,1790565,TSLA
11,Kirkhorn Zachary,Chief Financial Officer,2020-12-17,Sale,628.59,1250.0,785738.0,57507.0,Dec 21 09:12 PM,1771364,TSLA
12,Guillen Jerome M,"President, Automotive",2020-12-10,Option Exercise,55.32,10000.0,553200.0,59959.0,Dec 14 08:05 PM,1584518,TSLA
13,Guillen Jerome M,"President, Automotive",2020-12-10,Sale,613.48,10000.0,6134794.0,49959.0,Dec 14 08:05 PM,1584518,TSLA
14,DENHOLM ROBYN M,Director,2020-12-07,Option Exercise,51.99,43610.0,2267284.0,48610.0,Dec 09 09:36 PM,1242782,TSLA
15,DENHOLM ROBYN M,Director,2020-12-07,Sale,609.55,43610.0,26582465.0,5000.0,Dec 09 09:36 PM,1242782,TSLA
16,Kirkhorn Zachary,Chief Financial Officer,2020-12-05,Option Exercise,0.0,6296.0,0.0,61920.0,Dec 08 07:53 PM,1771364,TSLA
17,Guillen Jerome M,"President, Automotive",2020-12-05,Option Exercise,0.0,1211.0,0.0,50568.0,Dec 08 09:40 PM,1584518,TSLA
18,Taneja Vaibhav,Chief Accounting Officer,2020-12-05,Option Exercise,0.0,3667.0,0.0,18521.0,Dec 08 08:30 PM,1771340,TSLA
19,Baglino Andrew D,SVP Powertrain and Energy Eng.,2020-12-05,Option Exercise,0.0,1786.0,0.0,21123.0,Dec 08 08:57 PM,1790565,TSLA
20,Wilson-Thompson Kathleen,Director,2020-11-30,Option Exercise,44.95,12500.0,561875.0,14300.0,Dec 02 08:51 PM,1331680,TSLA
21,Wilson-Thompson Kathleen,Director,2020-11-30,Sale,592.99,12500.0,7412426.0,1800.0,Dec 02 08:51 PM,1331680,TSLA
22,Kirkhorn Zachary,Chief Financial Officer,2020-11-17,Sale,460.26,1250.0,575325.0,55624.0,Nov 19 08:23 PM,1771364,TSLA
23,DENHOLM ROBYN M,Director,2020-11-16,Option Exercise,51.99,43610.0,2267284.0,48610.0,Nov 18 09:18 PM,1242782,TSLA
24,DENHOLM ROBYN M,Director,2020-11-16,Sale,408.01,43610.0,17793506.0,5000.0,Nov 18 09:18 PM,1242782,TSLA
25,Baglino Andrew D,SVP Powertrain and Energy Eng.,2020-11-10,Option Exercise,48.39,600.0,29034.0,20437.0,Nov 12 09:13 PM,1790565,TSLA
26,Baglino Andrew D,SVP Powertrain and Energy Eng.,2020-11-10,Sale,420.0,1100.0,462000.0,19337.0,Nov 12 09:13 PM,1790565,TSLA
27,Wilson-Thompson Kathleen,Director,2020-10-30,Option Exercise,44.95,12500.0,561875.0,14300.0,Nov 03 08:56 PM,1331680,TSLA
28,Wilson-Thompson Kathleen,Director,2020-10-30,Sale,399.99,12500.0,4999815.0,1800.0,Nov 03 08:56 PM,1331680,TSLA
29,Kirkhorn Zachary,Chief Financial Officer,2020-10-27,Option Exercise,5.69,10000.0,56900.0,66874.0,Oct 29 08:38 PM,1771364,TSLA
30,Baglino Andrew D,SVP Powertrain and Energy Eng.,2020-10-27,Option Exercise,48.39,10000.0,483900.0,29837.0,Oct 29 09:17 PM,1790565,TSLA
31,Baglino Andrew D,SVP Powertrain and Energy Eng.,2020-10-27,Sale,424.6,10000.0,4245980.0,19837.0,Oct 29 09:17 PM,1790565,TSLA
32,Kirkhorn Zachary,Chief Financial Officer,2020-10-27,Sale,427.14,10000.0,4271350.0,56874.0,Oct 29 08:38 PM,1771364,TSLA
33,Gracias Antonio J.,Director,2020-10-27,Sale,424.41,155000.0,65784227.0,2545.0,Oct 28 08:37 PM,1495158,TSLA
34,Gracias Antonio J.,Director,2020-10-26,Option Exercise,50.54,155000.0,7833300.0,157545.0,Oct 28 08:37 PM,1495158,TSLA
35,DENHOLM ROBYN M,Director,2020-10-26,Option Exercise,51.99,43610.0,2267284.0,48610.0,Oct 28 09:12 PM,1242782,TSLA
36,DENHOLM ROBYN M,Director,2020-10-26,Sale,417.98,43610.0,18228306.0,5000.0,Oct 28 09:12 PM,1242782,TSLA
37,Kirkhorn Zachary,Chief Financial Officer,2020-10-19,Sale,446.24,1250.0,557800.0,56874.0,Oct 21 08:51 PM,1771364,TSLA
38,Baglino Andrew D,SVP Powertrain and Energy Eng.,2020-10-12,Option Exercise,48.39,1000.0,48390.0,21337.0,Oct 14 08:04 PM,1790565,TSLA
39,Baglino Andrew D,SVP Powertrain and Energy Eng.,2020-10-12,Sale,442.0,1500.0,663000.0,19837.0,Oct 14 08:04 PM,1790565,TSLA
40,Taneja Vaibhav,Chief Accounting Officer,2020-10-05,Option Exercise,54.67,4105.0,224416.0,19203.0,Oct 07 08:26 PM,1771340,TSLA
41,Taneja Vaibhav,Chief Accounting Officer,2020-10-05,Sale,425.17,4404.0,1872444.0,14799.0,Oct 07 08:26 PM,1771340,TSLA
42,Guillen Jerome M,"President, Automotive",2020-10-01,Option Exercise,51.64,15000.0,774600.0,64357.0,Oct 05 09:10 PM,1584518,TSLA
43,Guillen Jerome M,"President, Automotive",2020-10-01,Sale,442.43,15000.0,6636511.0,49357.0,Oct 05 09:10 PM,1584518,TSLA
44,Wilson-Thompson Kathleen,Director,2020-09-30,Option Exercise,44.95,12500.0,561875.0,14300.0,Oct 05 08:45 PM,1331680,TSLA
45,Wilson-Thompson Kathleen,Director,2020-09-30,Sale,426.97,12500.0,5337111.0,1800.0,Oct 05 08:45 PM,1331680,TSLA
46,Kirkhorn Zachary,Chief Financial Officer,2020-09-17,Sale,416.15,1250.0,520188.0,58124.0,Sep 18 08:16 PM,1771364,TSLA
47,Baglino Andrew D,SVP Powertrain and Energy Eng.,2020-09-10,Option Exercise,48.39,1000.0,48390.0,21837.0,Sep 14 08:26 PM,1790565,TSLA
48,Baglino Andrew D,SVP Powertrain and Energy Eng.,2020-09-10,Sale,387.44,1500.0,581160.0,20337.0,Sep 14 08:26 PM,1790565,TSLA
49,Taneja Vaibhav,Chief Accounting Officer,2020-09-05,Option Exercise,0.0,3666.0,0.0,17324.0,Sep 09 08:07 PM,1771340,TSLA
50,Baglino Andrew D,SVP Powertrain and Energy Eng.,2020-09-05,Option Exercise,0.0,1784.0,0.0,21894.0,Sep 09 07:48 PM,1790565,TSLA
51,Kirkhorn Zachary,Chief Financial Officer,2020-09-05,Option Exercise,0.0,6664.0,0.0,63319.0,Sep 09 09:18 PM,1771364,TSLA
52,Guillen Jerome M,"President, Automotive",2020-09-05,Option Exercise,0.0,1211.0,0.0,50074.0,Sep 09 09:43 PM,1584518,TSLA
53,Musk Kimbal,Director,2020-09-03,Option Exercise,74.17,20375.0,1511214.0,638240.0,Sep 03 09:26 PM,1494731,TSLA
54,Guillen Jerome M,"President, Automotive",2020-09-01,Option Exercise,51.64,15000.0,774600.0,63863.0,Sep 03 08:58 PM,1584518,TSLA
55,Musk Kimbal,Director,2020-09-01,Sale,482.59,36375.0,17554318.0,617865.0,Sep 03 09:26 PM,1494731,TSLA
56,Guillen Jerome M,"President, Automotive",2020-09-01,Sale,479.0,15000.0,7184927.0,48863.0,Sep 03 08:58 PM,1584518,TSLA
57,Wilson-Thompson Kathleen,Director,2020-08-31,Option Exercise,44.95,12500.0,561875.0,14300.0,Sep 02 08:50 PM,1331680,TSLA
58,Wilson-Thompson Kathleen,Director,2020-08-31,Sale,451.48,12500.0,5643550.0,1800.0,Sep 02 08:50 PM,1331680,TSLA
59,Kirkhorn Zachary,Chief Financial Officer,2020-08-17,Sale,1677.86,250.0,419465.0,11331.0,Aug 19 09:43 PM,1771364,TSLA
60,Baglino Andrew D,SVP Powertrain and Energy Eng.,2020-08-10,Option Exercise,241.93,200.0,48386.0,4322.0,Aug 12 08:43 PM,1790565,TSLA
61,Baglino Andrew D,SVP Powertrain and Energy Eng.,2020-08-10,Sale,1445.25,300.0,433575.0,4022.0,Aug 12 08:43 PM,1790565,TSLA
62,Guillen Jerome M,"President, Automotive",2020-08-03,Option Exercise,258.18,3000.0,774540.0,12752.0,Aug 05 08:48 PM,1584518,TSLA
63,Guillen Jerome M,"President, Automotive",2020-08-03,Sale,1450.21,3000.0,4350630.0,9752.0,Aug 05 08:48 PM,1584518,TSLA
64,Wilson-Thompson Kathleen,Director,2020-07-31,Option Exercise,224.74,2500.0,561850.0,2860.0,Aug 04 09:17 PM,1331680,TSLA
65,Wilson-Thompson Kathleen,Director,2020-07-31,Sale,1516.02,2500.0,3790050.0,360.0,Aug 04 09:17 PM,1331680,TSLA
66,DENHOLM ROBYN M,Director,2020-07-30,Option Exercise,259.94,26167.0,6801850.0,27167.0,Aug 03 08:08 PM,1242782,TSLA
67,DENHOLM ROBYN M,Director,2020-07-30,Sale,1488.13,26167.0,38939784.0,1000.0,Aug 03 08:08 PM,1242782,TSLA
68,Baglino Andrew D,SVP Powertrain and Energy Eng.,2020-07-27,Option Exercise,207.85,4000.0,831400.0,8122.0,Jul 29 09:41 PM,1790565,TSLA
69,Baglino Andrew D,SVP Powertrain and Energy Eng.,2020-07-27,Option Exercise,207.85,4000.0,831400.0,8122.0,Jul 29 09:45 PM,1790565,TSLA
70,Baglino Andrew D,SVP Powertrain and Energy Eng.,2020-07-27,Option Exercise,207.85,4000.0,831400.0,8122.0,Jul 29 09:51 PM,1790565,TSLA
71,Baglino Andrew D,SVP Powertrain and Energy Eng.,2020-07-27,Option Exercise,207.85,4000.0,831400.0,8122.0,Jul 29 09:52 PM,1790565,TSLA
72,Baglino Andrew D,SVP Powertrain and Energy Eng.,2020-07-27,Sale,1456.18,4000.0,5824720.0,4122.0,Jul 29 09:52 PM,1790565,TSLA
73,Baglino Andrew D,SVP Powertrain and Energy Eng.,2020-07-27,Sale,1456.18,4000.0,5824720.0,4122.0,Jul 29 09:51 PM,1790565,TSLA
74,Baglino Andrew D,SVP Powertrain and Energy Eng.,2020-07-27,Sale,1456.18,4000.0,5824720.0,4122.0,Jul 29 09:45 PM,1790565,TSLA
75,Baglino Andrew D,SVP Powertrain and Energy Eng.,2020-07-27,Sale,1456.18,4000.0,5824720.0,4122.0,Jul 29 09:41 PM,1790565,TSLA
76,Taneja Vaibhav,Chief Accounting Officer,2020-07-20,Option Exercise,273.29,817.0,223277.0,3616.0,Jul 22 09:50 PM,1771340,TSLA
77,Taneja Vaibhav,Chief Accounting Officer,2020-07-20,Sale,1558.75,887.0,1382608.0,2729.0,Jul 22 09:50 PM,1771340,TSLA
78,Kirkhorn Zachary,Chief Financial Officer,2020-07-17,Sale,1513.45,250.0,378363.0,11581.0,Jul 21 09:16 PM,1771364,TSLA
79,Baglino Andrew D,SVP Powertrain and Energy Eng.,2020-07-10,Option Exercise,241.93,200.0,48386.0,4422.0,Jul 14 09:58 PM,1790565,TSLA
80,Baglino Andrew D,SVP Powertrain and Energy Eng.,2020-07-10,Sale,1395.78,300.0,418734.0,4122.0,Jul 14 09:58 PM,1790565,TSLA
81,Guillen Jerome M,"President, Automotive",2020-07-01,Option Exercise,258.18,3000.0,774540.0,12752.0,Jul 06 08:24 PM,1584518,TSLA
82,Guillen Jerome M,"President, Automotive",2020-07-01,Sale,1083.5,3000.0,3250500.0,9752.0,Jul 06 08:24 PM,1584518,TSLA
83,Baglino Andrew D,SVP Powertrain and Energy Eng.,2020-06-10,Option Exercise,241.93,200.0,48386.0,4522.0,Jun 12 09:15 PM,1790565,TSLA
84,Baglino Andrew D,SVP Powertrain and Energy Eng.,2020-06-10,Sale,991.47,300.0,297441.0,4222.0,Jun 12 09:15 PM,1790565,TSLA
85,Taneja Vaibhav,Chief Accounting Officer,2020-06-08,Option Exercise,273.26,500.0,136630.0,3299.0,Jun 09 09:05 PM,1771340,TSLA
86,Taneja Vaibhav,Chief Accounting Officer,2020-06-08,Sale,949.76,500.0,474880.0,2799.0,Jun 09 09:05 PM,1771340,TSLA
87,Taneja Vaibhav,Chief Accounting Officer,2020-06-05,Option Exercise,0.0,733.0,0.0,3170.0,Jun 09 09:05 PM,1771340,TSLA
88,Baglino Andrew D,SVP Powertrain and Energy Eng.,2020-06-05,Option Exercise,0.0,357.0,0.0,4502.0,Jun 09 08:42 PM,1790565,TSLA
89,Kirkhorn Zachary,Chief Financial Officer,2020-06-05,Option Exercise,0.0,1410.0,0.0,12542.0,Jun 09 07:49 PM,1771364,TSLA
90,Guillen Jerome M,"President, Automotive",2020-06-05,Option Exercise,0.0,527.0,0.0,10018.0,Jun 09 09:29 PM,1584518,TSLA
91,Guillen Jerome M,"President, Automotive",2020-06-01,Option Exercise,217.87,4548.0,990873.0,14039.0,Jun 03 09:22 PM,1584518,TSLA
92,Musk Kimbal,Director,2020-06-01,Option Exercise,370.83,4075.0,1511132.0,138123.0,Jun 03 09:53 PM,1494731,TSLA
93,Musk Kimbal,Director,2020-06-01,Sale,895.0,7275.0,6511125.0,130848.0,Jun 03 09:53 PM,1494731,TSLA
94,Guillen Jerome M,"President, Automotive",2020-06-01,Sale,858.8,4548.0,3905822.0,9491.0,Jun 03 09:22 PM,1584518,TSLA
95,Kirkhorn Zachary,Chief Financial Officer,2020-05-18,Sale,827.0,150.0,124050.0,11132.0,May 20 09:16 PM,1771364,TSLA
96,Taneja Vaibhav,Chief Accounting Officer,2020-05-15,Option Exercise,0.0,110.0,0.0,2492.0,May 19 08:58 PM,1771340,TSLA
97,Taneja Vaibhav,Chief Accounting Officer,2020-05-11,Option Exercise,277.58,500.0,138789.0,2882.0,May 13 09:10 PM,1771340,TSLA
98,Baglino Andrew D,SVP Powertrain and Energy Eng.,2020-05-11,Option Exercise,241.93,200.0,48386.0,4345.0,May 13 09:31 PM,1790565,TSLA
99,Baglino Andrew D,SVP Powertrain and Energy Eng.,2020-05-11,Sale,790.51,200.0,158102.0,4145.0,May 13 09:31 PM,1790565,TSLA
0,NEFF THOMAS J,Director,2021-01-20,Sale,55.67,161522.0,8991930.0,14082.0,Jan 22 05:15 PM,1072511,ACCD
1,NEFF THOMAS J,Director,2020-12-10,Option Exercise,4.65,4833.0,22465.0,175604.0,Dec 14 05:17 PM,1072511,ACCD
2,Frist William H.,Director,2020-09-03,Option Exercise,4.65,2083.0,9690.0,155020.0,Sep 08 07:16 PM,1477553,ACCD
0,Wootton Charles A,"Clerk, EVP - Sr Loan Officer",2020-06-03,Sale,19.72,654.0,12897.0,11196.0,Jun 04 11:53 AM,1181528,FNLC
1,McKim Tony C,President & CEO,2020-05-20,Buy,19.59,2000.0,39180.0,7870.0,May 20 02:55 PM,1314385,FNLC
2,Parady Steven,"EVP, Chief Fiduciary Officer",2020-05-13,Buy,18.98,3000.0,56932.0,52673.0,May 13 03:47 PM,1635176,FNLC
3,Plummer Tammy L,"EVP, Chief Information Officer",2020-05-13,Buy,18.53,250.0,4633.0,6276.0,May 14 10:57 AM,1635272,FNLC
4,Rosborough Mark N,Director,2020-05-07,Buy,19.87,1000.0,19870.0,130425.0,May 08 10:35 AM,1314481,FNLC
5,SMITH STUART G,Director,2020-05-06,Buy,19.76,500.0,9880.0,102606.0,May 06 03:41 PM,1181523,FNLC
6,SMITH STUART G,Director,2020-05-05,Buy,19.76,1000.0,19760.0,102106.0,May 06 03:41 PM,1181523,FNLC
7,Parady Steven,"EVP, Chief Fiduciary Officer",2020-03-10,Buy,23.64,120.0,2837.0,3406.0,Mar 11 02:09 PM,1635176,FNLC
8,Rosborough Mark N,Director,2021-02-28,Buy,26.84,3000.0,80532.0,129425.0,Feb 28 03:45 PM,1314481,FNLC
0,Longsworth Todd Christopher,General Counsel,2021-01-15,Option Exercise,14.37,36396.0,523011.0,123474.0,Jan 19 05:00 PM,1693530,NVCR
1,Longsworth Todd Christopher,General Counsel,2021-01-15,Sale,172.48,63814.0,11006647.0,59660.0,Jan 19 05:00 PM,1693530,NVCR
2,Benaim Ely,Chief Medical Officer,2020-12-21,Option Exercise,56.93,2484.0,141406.0,31189.0,Dec 22 06:39 PM,1632237,NVCR
3,Benaim Ely,Chief Medical Officer,2020-12-21,Sale,156.71,2484.0,389268.0,29356.0,Dec 22 06:39 PM,1632237,NVCR
4,Danziger Asaf,Chief Executive Officer,2020-12-18,Option Exercise,22.0,207910.0,4574020.0,301587.0,Dec 22 06:37 PM,1654435,NVCR
5,HILLEMAN JERYL L,Director,2020-12-18,Sale,166.4,2500.0,416000.0,3400.0,Dec 22 06:38 PM,1216628,NVCR
6,Danziger Asaf,Chief Executive Officer,2020-12-18,Sale,157.39,207910.0,32722764.0,197632.0,Dec 22 06:37 PM,1654435,NVCR
7,Cordova Ashley,Chief Financial Officer,2020-11-02,Sale,117.41,230.0,27005.0,26212.0,Nov 03 04:23 PM,1822014,NVCR
8,Shah Pritesh,Chief Commercial Officer,2020-10-29,Option Exercise,10.13,30468.0,308588.0,89758.0,Oct 30 04:08 PM,1744884,NVCR
9,Weinberg Uri,Chief Science Officer,2020-09-25,Option Exercise,9.62,15250.0,146750.0,36347.0,Sep 28 06:13 PM,1811030,NVCR
10,Weinberg Uri,Chief Science Officer,2020-09-25,Sale,103.35,15250.0,1576088.0,27597.0,Sep 28 06:13 PM,1811030,NVCR
11,GROENHUYSEN WILHELMUS CM,Chief Operating Officer,2020-09-18,Option Exercise,7.48,8262.0,61800.0,150869.0,Sep 21 04:16 PM,1264783,NVCR
12,GROENHUYSEN WILHELMUS CM,Chief Operating Officer,2020-09-18,Sale,109.21,8262.0,902294.0,142607.0,Sep 21 04:16 PM,1264783,NVCR
13,GROENHUYSEN WILHELMUS CM,Chief Operating Officer,2020-09-17,Option Exercise,7.48,12500.0,93500.0,155107.0,Sep 18 04:37 PM,1264783,NVCR
14,GROENHUYSEN WILHELMUS CM,Chief Operating Officer,2020-09-17,Sale,108.6,12500.0,1357556.0,142607.0,Sep 18 04:37 PM,1264783,NVCR
15,GROENHUYSEN WILHELMUS CM,Chief Operating Officer,2020-09-16,Option Exercise,7.29,22012.0,160369.0,155107.0,Sep 18 04:37 PM,1264783,NVCR
16,GROENHUYSEN WILHELMUS CM,Chief Operating Officer,2020-09-16,Sale,107.35,22012.0,2363014.0,142607.0,Sep 18 04:37 PM,1264783,NVCR
17,LEUNG GABRIEL,Director,2020-09-15,Option Exercise,7.48,9565.0,71546.0,79437.0,Sep 16 05:27 PM,1236183,NVCR
18,GROENHUYSEN WILHELMUS CM,Chief Operating Officer,2020-09-15,Option Exercise,7.37,50868.0,374868.0,155975.0,Sep 16 05:24 PM,1264783,NVCR
19,Danziger Asaf,Chief Executive Officer,2020-09-15,Option Exercise,22.0,103000.0,2266000.0,300632.0,Sep 17 04:32 PM,1654435,NVCR
20,Danziger Asaf,Chief Executive Officer,2020-09-15,Sale,99.0,103000.0,10197000.0,197632.0,Sep 17 04:32 PM,1654435,NVCR
21,GROENHUYSEN WILHELMUS CM,Chief Operating Officer,2020-09-15,Sale,103.27,50868.0,5253018.0,142607.0,Sep 16 05:24 PM,1264783,NVCR
22,LEUNG GABRIEL,Director,2020-09-15,Sale,100.0,9565.0,956500.0,72045.0,Sep 16 05:27 PM,1236183,NVCR
23,LEUNG GABRIEL,Director,2020-09-14,Option Exercise,7.48,10000.0,74800.0,82045.0,Sep 16 05:27 PM,1236183,NVCR
24,GROENHUYSEN WILHELMUS CM,Chief Operating Officer,2020-09-14,Option Exercise,7.03,25000.0,175750.0,155107.0,Sep 16 05:24 PM,1264783,NVCR
25,GROENHUYSEN WILHELMUS CM,Chief Operating Officer,2020-09-14,Sale,98.01,25000.0,2450213.0,142607.0,Sep 16 05:24 PM,1264783,NVCR
26,LEUNG GABRIEL,Director,2020-09-14,Sale,95.0,10000.0,950000.0,72045.0,Sep 16 05:27 PM,1236183,NVCR
27,LEUNG GABRIEL,Director,2020-09-10,Option Exercise,7.48,10000.0,74800.0,82045.0,Sep 11 04:15 PM,1236183,NVCR
28,LEUNG GABRIEL,Director,2020-09-10,Sale,90.0,10000.0,900000.0,72045.0,Sep 11 04:15 PM,1236183,NVCR
29,LEUNG GABRIEL,Director,2020-09-09,Option Exercise,7.03,9114.0,64071.0,81159.0,Sep 11 04:15 PM,1236183,NVCR
30,LEUNG GABRIEL,Director,2020-09-09,Sale,85.4,9114.0,778293.0,72045.0,Sep 11 04:15 PM,1236183,NVCR
31,Shah Pritesh,Chief Commercial Officer,2020-09-09,Sale,85.41,28321.0,2418881.0,70465.0,Sep 11 04:19 PM,1744884,NVCR
32,LEUNG GABRIEL,Director,2020-09-02,Option Exercise,7.03,100.0,703.0,72145.0,Sep 04 04:17 PM,1236183,NVCR
33,LEUNG GABRIEL,Director,2020-09-02,Sale,85.0,100.0,8500.0,72045.0,Sep 04 04:17 PM,1236183,NVCR
34,LEUNG GABRIEL,Director,2020-08-25,Option Exercise,7.03,7112.0,49997.0,79157.0,Aug 27 04:13 PM,1236183,NVCR
35,LEUNG GABRIEL,Director,2020-08-25,Sale,80.13,7112.0,569892.0,72045.0,Aug 27 04:13 PM,1236183,NVCR
36,Shah Pritesh,Chief Commercial Officer,2020-08-04,Sale,76.81,2048.0,157307.0,101018.0,Aug 05 04:13 PM,1744884,NVCR
37,Shah Pritesh,Chief Commercial Officer,2020-08-03,Sale,76.41,1669.0,127522.0,103066.0,Aug 05 04:13 PM,1744884,NVCR
38,Benaim Ely,Chief Medical Officer,2020-08-03,Sale,76.06,660.0,50200.0,29356.0,Aug 05 04:11 PM,1632237,NVCR
39,Shah Pritesh,Chief Commercial Officer,2020-07-31,Option Exercise,76.17,3717.0,283124.0,104735.0,Aug 03 05:39 PM,1744884,NVCR
40,Benaim Ely,Chief Medical Officer,2020-07-31,Sale,76.39,341.0,26048.0,30016.0,Aug 03 05:53 PM,1632237,NVCR
41,DOYLE WILLIAM F,Executive Chairman,2020-07-31,Sale,76.39,896.0,68444.0,649062.0,Aug 03 05:51 PM,1194459,NVCR
42,LEUNG GABRIEL,Director,2020-07-30,Option Exercise,7.03,7112.0,49997.0,79157.0,Aug 03 05:45 PM,1236183,NVCR
43,LEUNG GABRIEL,Director,2020-07-30,Sale,75.0,7112.0,533400.0,72045.0,Aug 03 05:45 PM,1236183,NVCR
44,LEUNG GABRIEL,Director,2020-07-22,Option Exercise,7.03,9500.0,66785.0,81545.0,Jul 23 07:32 PM,1236183,NVCR
45,Ambrogi Michael J.,Chief Operating Officer,2020-07-22,Option Exercise,18.4,42972.0,790640.0,251639.0,Jul 23 07:43 PM,1654363,NVCR
46,Ambrogi Michael J.,Chief Operating Officer,2020-07-22,Sale,67.02,42972.0,2879966.0,220867.0,Jul 23 07:43 PM,1654363,NVCR
47,LEUNG GABRIEL,Director,2020-07-22,Sale,67.03,9500.0,636797.0,72045.0,Jul 23 07:32 PM,1236183,NVCR
48,LEUNG GABRIEL,Director,2020-07-21,Option Exercise,7.03,500.0,3515.0,72545.0,Jul 23 07:32 PM,1236183,NVCR
49,Ambrogi Michael J.,Chief Operating Officer,2020-07-21,Option Exercise,20.27,3321.0,67332.0,223888.0,Jul 23 07:43 PM,1654363,NVCR
50,Ambrogi Michael J.,Chief Operating Officer,2020-07-21,Sale,65.06,3321.0,216072.0,220867.0,Jul 23 07:43 PM,1654363,NVCR
51,LEUNG GABRIEL,Director,2020-07-21,Sale,65.07,500.0,32537.0,72045.0,Jul 23 07:32 PM,1236183,NVCR
52,Benaim Ely,Chief Medical Officer,2020-05-12,Sale,64.78,2595.0,168104.0,12616.0,May 14 04:14 PM,1632237,NVCR
53,DOYLE WILLIAM F,Executive Chairman,2020-05-11,Sale,63.73,31332.0,1996726.0,649958.0,May 12 04:13 PM,1194459,NVCR
54,Benaim Ely,Chief Medical Officer,2020-05-11,Sale,63.73,1611.0,102666.0,15211.0,May 12 04:22 PM,1632237,NVCR
55,DOYLE WILLIAM F,Executive Chairman,2020-05-08,Option Exercise,63.84,58767.0,3751685.0,713193.0,May 11 04:17 PM,1194459,NVCR
56,Benaim Ely,Chief Medical Officer,2020-05-08,Option Exercise,63.84,4206.0,268511.0,16822.0,May 12 04:22 PM,1632237,NVCR
57,Weinberg Uri,Chief Science Officer,2020-05-08,Option Exercise,63.84,1402.0,89504.0,25629.0,May 11 04:22 PM,1811030,NVCR
58,DOYLE WILLIAM F,Executive Chairman,2020-05-08,Sale,63.5,31903.0,2025872.0,681290.0,May 11 04:17 PM,1194459,NVCR
59,DOYLE WILLIAM F,Executive Chairman,2020-05-07,Option Exercise,64.77,58768.0,3806403.0,685419.0,May 11 04:17 PM,1194459,NVCR
60,DOYLE WILLIAM F,Executive Chairman,2020-05-07,Sale,64.74,30993.0,2006518.0,654426.0,May 11 04:17 PM,1194459,NVCR
61,DOYLE WILLIAM F,Executive Chairman,2020-05-06,Option Exercise,64.15,58768.0,3769967.0,626651.0,May 07 04:41 PM,1194459,NVCR
62,DOYLE WILLIAM F,Executive Chairman,2020-05-06,Sale,64.27,29881.0,1920452.0,567883.0,May 07 04:41 PM,1194459,NVCR
63,DOYLE WILLIAM F,Executive Chairman,2020-05-05,Option Exercise,61.4,58768.0,3608355.0,628047.0,May 07 04:41 PM,1194459,NVCR
64,Shah Pritesh,Chief Commercial Officer,2020-05-05,Sale,62.2,1149.0,71468.0,100693.0,May 07 04:48 PM,1744884,NVCR
65,DOYLE WILLIAM F,Executive Chairman,2020-05-05,Sale,62.47,30283.0,1891718.0,597764.0,May 07 04:41 PM,1194459,NVCR
66,DOYLE WILLIAM F,Executive Chairman,2020-05-04,Option Exercise,60.48,58768.0,3554289.0,569279.0,May 06 05:52 PM,1194459,NVCR
67,Shah Pritesh,Chief Commercial Officer,2020-05-04,Sale,60.08,1184.0,71134.0,101842.0,May 05 04:32 PM,1744884,NVCR
68,Shah Pritesh,Chief Commercial Officer,2020-05-01,Option Exercise,65.8,2333.0,153511.0,103026.0,May 05 04:32 PM,1744884,NVCR
69,Ambrogi Michael J.,Chief Operating Officer,2020-04-14,Option Exercise,7.15,35745.0,255577.0,256612.0,Apr 15 05:03 PM,1654363,NVCR
70,Ambrogi Michael J.,Chief Operating Officer,2020-04-14,Sale,71.0,27519.0,1953970.0,220867.0,Apr 15 05:03 PM,1654363,NVCR
71,Ambrogi Michael J.,Chief Operating Officer,2020-04-13,Option Exercise,7.15,22755.0,162698.0,243622.0,Apr 15 05:03 PM,1654363,NVCR
72,Ambrogi Michael J.,Chief Operating Officer,2020-04-13,Sale,69.32,30981.0,2147594.0,220867.0,Apr 15 05:03 PM,1654363,NVCR
73,Shah Pritesh,Chief Commercial Officer,2020-03-06,Option Exercise,7.48,17500.0,130900.0,103938.0,Mar 10 04:20 PM,1744884,NVCR
74,DOYLE WILLIAM F,Executive Chairman,2020-03-06,Sale,69.53,4320.0,300387.0,510511.0,Mar 10 04:18 PM,1194459,NVCR
75,Longsworth Todd Christopher,General Counsel,2020-03-06,Sale,69.53,2499.0,173765.0,86753.0,Mar 10 04:15 PM,1693530,NVCR
76,GROENHUYSEN WILHELMUS CM,Chief Financial Officer,2020-03-06,Sale,69.53,3123.0,217155.0,140386.0,Mar 10 04:13 PM,1264783,NVCR
77,Ambrogi Michael J.,Chief Operating Officer,2020-03-06,Sale,69.53,2274.0,158120.0,220867.0,Mar 10 04:22 PM,1654363,NVCR
78,Shah Pritesh,Chief Commercial Officer,2020-03-06,Sale,66.76,6151.0,410622.0,86438.0,Mar 10 04:20 PM,1744884,NVCR
79,Shah Pritesh,Chief Commercial Officer,2020-03-02,Sale,72.97,1485.0,108360.0,67721.0,Mar 05 04:47 PM,1744884,NVCR
80,Shah Pritesh,Chief Commercial Officer,2021-02-28,Sale,72.22,1601.0,115616.0,69206.0,Mar 02 05:22 PM,1744884,NVCR
81,Longsworth Todd Christopher,General Counsel,2021-02-28,Sale,72.22,2643.0,190864.0,70032.0,Mar 02 05:11 PM,1693530,NVCR
82,DOYLE WILLIAM F,Executive Chairman,2021-02-28,Sale,72.22,3893.0,281133.0,514831.0,Mar 02 05:13 PM,1194459,NVCR
83,Ambrogi Michael J.,Chief Operating Officer,2021-02-28,Sale,72.22,2673.0,193031.0,208726.0,Mar 02 05:17 PM,1654363,NVCR
84,Ambrogi Michael J.,Chief Operating Officer,2021-02-27,Option Exercise,79.45,6173.0,490445.0,211399.0,Mar 02 05:17 PM,1654363,NVCR
85,Danziger Asaf,Chief Executive Officer,2021-02-27,Option Exercise,79.45,9259.0,735628.0,197348.0,Mar 02 05:15 PM,1654435,NVCR
86,DOYLE WILLIAM F,Executive Chairman,2021-02-27,Option Exercise,79.45,9259.0,735628.0,518724.0,Mar 02 05:13 PM,1194459,NVCR
87,Longsworth Todd Christopher,General Counsel,2021-02-27,Option Exercise,79.45,5556.0,441424.0,72675.0,Mar 02 05:11 PM,1693530,NVCR
88,Shah Pritesh,Chief Commercial Officer,2021-02-27,Option Exercise,79.45,3086.0,245183.0,70807.0,Mar 02 05:22 PM,1744884,NVCR
89,GROENHUYSEN WILHELMUS CM,Chief Financial Officer,2021-02-27,Option Exercise,0.0,7716.0,0.0,119484.0,Mar 02 05:18 PM,1264783,NVCR
90,Shah Pritesh,Chief Commercial Officer,2021-02-26,Sale,79.39,7932.0,629725.0,67721.0,Feb 28 04:41 PM,1744884,NVCR
91,Shah Pritesh,Chief Commercial Officer,2021-02-25,Sale,81.16,5067.0,411217.0,75653.0,Feb 28 04:41 PM,1744884,NVCR
92,Ambrogi Michael J.,Chief Operating Officer,2021-02-25,Sale,81.16,11647.0,945224.0,205226.0,Feb 26 05:10 PM,1654363,NVCR
93,Longsworth Todd Christopher,General Counsel,2021-02-25,Sale,81.16,8482.0,688365.0,67119.0,Feb 26 05:14 PM,1693530,NVCR
94,GROENHUYSEN WILHELMUS CM,Chief Financial Officer,2021-02-25,Sale,81.16,18908.0,1534498.0,111768.0,Feb 26 05:17 PM,1264783,NVCR
95,Danziger Asaf,Chief Executive Officer,2021-02-24,Option Exercise,88.26,53333.0,4707171.0,188089.0,Feb 26 05:19 PM,1654435,NVCR
96,Shah Pritesh,Chief Commercial Officer,2021-02-24,Option Exercise,88.26,12999.0,1147292.0,80720.0,Feb 26 05:18 PM,1744884,NVCR
97,GROENHUYSEN WILHELMUS CM,Chief Financial Officer,2021-02-24,Option Exercise,88.26,43333.0,3824571.0,130676.0,Feb 26 05:17 PM,1264783,NVCR
98,Longsworth Todd Christopher,General Counsel,2021-02-24,Option Exercise,88.26,21666.0,1912241.0,75601.0,Feb 26 05:14 PM,1693530,NVCR
99,Ambrogi Michael J.,Chief Operating Officer,2021-02-24,Option Exercise,88.26,31199.0,2753624.0,216873.0,Feb 26 05:10 PM,1654363,NVCR
0,Fink Gregory A,Chief Financial Officer,2020-11-15,Option Exercise,0.0,8254.0,0.0,38506.0,Nov 17 06:44 PM,1534714,SCOR
1,LIVEK WILLIAM PAUL,See Remarks,2020-11-04,Option Exercise,0.0,58333.0,0.0,794162.0,Nov 06 05:19 PM,1466605,SCOR
2,Wilson Christopher T,Chief Commercial Officer,2020-08-15,Option Exercise,0.0,10318.0,0.0,120689.0,Aug 18 04:43 PM,1512897,SCOR
3,KERREST JACQUES,Director,2020-06-30,Option Exercise,0.0,24155.0,0.0,43865.0,Jul 02 06:54 PM,1221273,SCOR
4,Love Kathleen,Director,2020-06-30,Option Exercise,0.0,24155.0,0.0,30194.0,Jul 02 06:48 PM,1772755,SCOR
5,Martin John K,Director,2020-06-30,Option Exercise,0.0,24155.0,0.0,33817.0,Jul 02 04:55 PM,1383936,SCOR
6,Rosenthal Brent David,Director,2020-06-30,Option Exercise,0.0,24155.0,0.0,164959.0,Jul 02 04:43 PM,1443849,SCOR
7,Martin John K,Director,2020-05-23,Option Exercise,0.0,9662.0,0.0,9662.0,May 27 04:34 PM,1383936,SCOR
8,Fink Gregory A,Chief Financial Officer,2020-05-15,Option Exercise,0.0,1376.0,0.0,30252.0,May 15 05:48 PM,1534714,SCOR
9,Gotlieb Irwin,Director,2020-04-01,Option Exercise,0.0,86956.0,0.0,86956.0,Apr 03 04:35 PM,1773112,SCOR
10,DiBattiste Carol A,See Remarks,2020-03-01,Option Exercise,0.0,22266.0,0.0,67398.0,Mar 03 06:15 PM,1324957,SCOR
11,Wilson Christopher T,Chief Commercial Officer,2020-03-01,Option Exercise,0.0,13751.0,0.0,110371.0,Mar 03 06:13 PM,1512897,SCOR
12,Fink Gregory A,Chief Financial Officer,2020-03-01,Option Exercise,0.0,8251.0,0.0,28876.0,Mar 03 06:10 PM,1534714,SCOR
13,Wilson Christopher T,Chief Commercial Officer,2021-02-15,Option Exercise,0.0,5000.0,0.0,98583.0,Feb 19 04:46 PM,1512897,SCOR
0,WINTERS ROBERT K,Director,2020-12-30,Option Exercise,1.05,25000.0,26250.0,25000.0,Jan 04 05:12 PM,1674046,OPTT
1,WINTERS ROBERT K,Director,2020-12-30,Sale,2.9,25000.0,72398.0,0.0,Jan 04 05:12 PM,1674046,OPTT
0,Tolany Brandon,SR VP of Worldwide Sales,2021-02-01,Sale,132.3,379.0,50142.0,39536.0,Feb 02 12:33 PM,1586469,SLAB
1,LAZAR JACK R,Director,2021-01-04,Sale,129.75,1500.0,194625.0,10576.0,Jan 05 06:45 PM,1277624,SLAB
2,Thompson Daniel Mark,"SR VP & GM, INFRA & Automotive",2020-12-04,Sale,122.52,5104.0,625342.0,27446.0,Dec 07 06:39 PM,1792015,SLAB
3,SOOCH NAVDEEP S,Director,2020-12-03,Sale,120.06,5769.0,692626.0,426300.0,Dec 04 02:06 PM,1134855,SLAB
4,Thompson Daniel Mark,"SR VP & GM, INFRA & Automotive",2020-12-03,Sale,120.14,300.0,36042.0,32550.0,Dec 04 01:58 PM,1792015,SLAB
5,BOCK WILLIAM G,Director,2020-11-16,Sale,113.43,1000.0,113430.0,35976.0,Nov 17 12:40 PM,1197848,SLAB
6,LAZAR JACK R,Director,2020-11-09,Sale,119.75,1500.0,179625.0,12076.0,Nov 10 03:15 PM,1277624,SLAB
7,SOOCH NAVDEEP S,Director,2020-11-09,Sale,120.21,4231.0,508609.0,432069.0,Nov 10 03:11 PM,1134855,SLAB
8,Johnson Robert Matthew,"SR VP & GM, IOT",2020-08-17,Sale,100.12,5692.0,569883.0,21522.0,Aug 18 12:51 PM,1792014,SLAB
9,Tolany Brandon,SR VP of Worldwide Sales,2020-07-21,Option Exercise,43.82,9100.0,398762.0,54776.0,Jul 22 04:52 PM,1586469,SLAB
10,Tolany Brandon,SR VP of Worldwide Sales,2020-07-21,Sale,105.13,16170.0,1699952.0,38606.0,Jul 22 04:52 PM,1586469,SLAB
11,Hollister John C,Sr VP and CFO,2020-07-20,Sale,105.4,6400.0,674560.0,51555.0,Jul 21 11:40 AM,1579055,SLAB
12,Hollister John C,Sr VP and CFO,2020-07-15,Sale,105.13,100.0,10513.0,57955.0,Jul 20 11:49 AM,1579055,SLAB
13,LAZAR JACK R,Director,2020-07-13,Sale,104.75,1000.0,104750.0,15576.0,Jul 15 10:39 AM,1277624,SLAB
14,Hollister John C,Sr VP and CFO,2020-07-13,Sale,105.45,3500.0,369075.0,58055.0,Jul 15 10:35 AM,1579055,SLAB
15,Tuttle George Tyson,CEO,2020-06-08,Sale,99.77,50000.0,4988500.0,171836.0,Jun 09 05:11 PM,1520652,SLAB
16,Thompson Daniel Mark,"SR VP & GM, INFRA & Automotive",2020-06-08,Sale,100.0,4335.0,433500.0,36180.0,Jun 09 05:05 PM,1792015,SLAB
17,Thompson Daniel Mark,"SR VP & GM, INFRA & Automotive",2020-06-05,Sale,96.26,4699.0,452326.0,40515.0,Jun 09 05:05 PM,1792015,SLAB
18,Hollister John C,Sr VP and CFO,2020-06-05,Sale,96.38,10000.0,963800.0,61555.0,Jun 08 04:00 PM,1579055,SLAB
19,BOCK WILLIAM G,Director,2020-05-18,Sale,95.0,2000.0,190000.0,36976.0,May 19 11:28 AM,1197848,SLAB
20,Richardson Nina,Director,2020-04-20,Sale,86.56,775.0,67084.0,5197.0,Apr 21 07:06 PM,1610535,SLAB
21,Johnson Robert Matthew,"SR VP & GM, IOT",2021-02-24,Sale,95.99,1925.0,184781.0,29483.0,Feb 25 12:13 PM,1792014,SLAB
22,Tolany Brandon,SR VP of Worldwide Sales,2021-02-18,Sale,101.99,2000.0,203980.0,46783.0,Feb 19 12:25 PM,1586469,SLAB
23,BOCK WILLIAM G,Director,2021-02-18,Sale,102.61,1000.0,102610.0,36791.0,Feb 19 12:11 PM,1197848,SLAB
0,Quinn Anthony G.,President & CEO,2020-04-30,Buy,4.75,165000.0,783750.0,538469.0,May 04 07:30 AM,1532219,AGLE
0,Conroy Kevin T,President and CEO,2021-02-01,Sale,138.07,30344.0,4189596.0,759610.0,Feb 03 04:20 PM,1306119,EXAS
1,Conroy Kevin T,President and CEO,2021-01-04,Sale,128.74,31814.0,4095734.0,825704.0,Jan 07 09:05 AM,1306119,EXAS
2,Zanotti Katherine S,Director,2020-12-14,Sale,132.06,20000.0,2641182.0,21907.0,Dec 14 06:15 PM,1367313,EXAS
3,Conroy Kevin T,President and CEO,2020-12-01,Sale,124.56,30577.0,3808660.0,857518.0,Dec 02 06:28 PM,1306119,EXAS
4,Conroy Kevin T,President and CEO,2020-11-02,Sale,121.11,32819.0,3974738.0,888095.0,Nov 03 04:49 PM,1306119,EXAS
5,Conroy Kevin T,President and CEO,2020-10-01,Sale,103.55,27425.0,2839829.0,920914.0,Oct 02 05:54 PM,1306119,EXAS
6,Hoof Torsten,"General Manager, International",2020-09-24,Option Exercise,41.53,4401.0,182774.0,6418.0,Sep 28 04:33 PM,1774167,EXAS
7,Hoof Torsten,"General Manager, International",2020-09-24,Sale,80.0,4401.0,352080.0,2017.0,Sep 28 04:33 PM,1774167,EXAS
8,Conroy Kevin T,President and CEO,2020-09-01,Sale,75.03,19927.0,1495123.0,948339.0,Sep 02 04:32 PM,1306119,EXAS
9,Hoof Torsten,"General Manager, International",2020-08-19,Option Exercise,43.4,1516.0,65794.0,9981.0,Aug 21 04:31 PM,1774167,EXAS
10,Hoof Torsten,"General Manager, International",2020-08-19,Sale,84.9,7964.0,676144.0,2017.0,Aug 21 04:31 PM,1774167,EXAS
11,Hoof Torsten,"General Manager, International",2020-08-17,Option Exercise,0.0,2551.0,0.0,8465.0,Aug 19 04:15 PM,1774167,EXAS
12,Conroy Kevin T,President and CEO,2020-08-03,Sale,93.8,25198.0,2363560.0,968266.0,Aug 04 05:18 PM,1306119,EXAS
13,Zanotti Katherine S,Director,2020-07-31,Option Exercise,8.52,21029.0,179167.0,62936.0,Aug 04 04:54 PM,1367313,EXAS
14,LEVANGIE DANIEL J,Director,2020-07-31,Option Exercise,9.3,9865.0,91699.0,24881.0,Aug 04 04:58 PM,1187406,EXAS
15,Elliott Jeffrey Thomas,Chief Financial Officer,2020-07-31,Option Exercise,21.68,6638.0,143912.0,75861.0,Aug 04 05:02 PM,1689757,EXAS
16,Carey Thomas D.,Director,2020-07-31,Option Exercise,9.24,15620.0,144329.0,52492.0,Aug 04 05:21 PM,1574633,EXAS
17,Carey Thomas D.,Director,2020-07-31,Sale,94.0,30620.0,2878280.0,21872.0,Aug 04 05:21 PM,1574633,EXAS
18,Elliott Jeffrey Thomas,Chief Financial Officer,2020-07-31,Sale,93.83,37500.0,3518771.0,38361.0,Aug 04 05:02 PM,1689757,EXAS
19,LEVANGIE DANIEL J,Director,2020-07-31,Sale,94.0,9865.0,927310.0,15016.0,Aug 04 04:58 PM,1187406,EXAS
20,Zanotti Katherine S,Director,2020-07-31,Sale,94.0,21029.0,1976726.0,41907.0,Aug 04 04:54 PM,1367313,EXAS
21,Doyle James Edward,Director,2020-07-31,Sale,94.0,2539.0,238666.0,32459.0,Aug 04 04:45 PM,1614265,EXAS
22,Elliott Jeffrey Thomas,Chief Financial Officer,2020-07-29,Sale,95.58,8746.0,835943.0,69223.0,Jul 30 08:18 PM,1689757,EXAS
23,Elliott Jeffrey Thomas,Chief Financial Officer,2020-07-28,Option Exercise,94.81,18750.0,1777688.0,77969.0,Jul 30 08:18 PM,1689757,EXAS
24,Zanotti Katherine S,Director,2020-07-28,Sale,96.13,1164.0,111895.0,41907.0,Jul 30 06:49 PM,1367313,EXAS
25,Stenhouse Mark,"President, Cologuard",2020-04-03,Sale,56.69,11948.0,677332.0,29571.0,Apr 06 04:41 PM,1734751,EXAS
26,Stenhouse Mark,"President, Cologuard",2020-04-02,Option Exercise,0.0,25000.0,0.0,41519.0,Apr 06 04:41 PM,1734751,EXAS
27,Doyle James Edward,Director,2021-02-28,Sale,77.54,2000.0,155080.0,32440.0,Mar 03 07:20 PM,1614265,EXAS
28,Conroy Kevin T,President and CEO,2021-02-28,Sale,80.17,9750.0,781658.0,992963.0,Mar 02 07:13 PM,1306119,EXAS
29,Elliott Jeffrey Thomas,Chief Financial Officer,2021-02-28,Sale,80.17,2383.0,191045.0,58578.0,Mar 02 07:15 PM,1689757,EXAS
30,Elliott Jeffrey Thomas,Chief Financial Officer,2021-02-27,Option Exercise,0.0,5025.0,0.0,61141.0,Mar 02 07:15 PM,1689757,EXAS
31,Conroy Kevin T,President and CEO,2021-02-27,Option Exercise,0.0,20575.0,0.0,1002713.0,Mar 02 07:13 PM,1306119,EXAS
32,Elliott Jeffrey Thomas,Chief Financial Officer,2021-02-27,Sale,80.27,1627.0,130599.0,56116.0,Feb 28 04:37 PM,1689757,EXAS
33,Stenhouse Mark,"President, Cologuard",2021-02-27,Sale,80.27,1051.0,84364.0,16519.0,Feb 28 04:39 PM,1734751,EXAS
34,Conroy Kevin T,President and CEO,2021-02-27,Sale,80.27,13875.0,1113746.0,982138.0,Feb 28 04:36 PM,1306119,EXAS
35,Conroy Kevin T,President and CEO,2021-02-26,Option Exercise,0.0,29337.0,0.0,996013.0,Feb 28 04:36 PM,1306119,EXAS
36,Stenhouse Mark,"President, Cologuard",2021-02-26,Option Exercise,0.0,3262.0,0.0,17570.0,Feb 28 04:39 PM,1734751,EXAS
37,Elliott Jeffrey Thomas,Chief Financial Officer,2021-02-26,Option Exercise,0.0,3436.0,0.0,57743.0,Feb 28 04:37 PM,1689757,EXAS
38,Elliott Jeffrey Thomas,Chief Financial Officer,2021-02-25,Sale,85.11,4910.0,417890.0,54307.0,Feb 26 05:13 PM,1689757,EXAS
39,Conroy Kevin T,President and CEO,2021-02-25,Sale,85.11,18115.0,1541768.0,966676.0,Feb 26 05:11 PM,1306119,EXAS
40,Conroy Kevin T,President and CEO,2021-02-24,Option Exercise,0.0,34325.0,0.0,984791.0,Feb 26 05:11 PM,1306119,EXAS
41,Elliott Jeffrey Thomas,Chief Financial Officer,2021-02-24,Option Exercise,0.0,9300.0,0.0,59217.0,Feb 26 05:13 PM,1689757,EXAS
42,Cole G Bradley,General Manager - Diagnostics,2021-02-19,Option Exercise,35.77,17356.0,620776.0,37550.0,Feb 21 04:58 PM,1337798,EXAS
43,Cole G Bradley,General Manager - Diagnostics,2021-02-19,Sale,100.0,27356.0,2735600.0,10194.0,Feb 21 04:58 PM,1337798,EXAS
44,ORVILLE JACOB A,"General Manager, New Ventures",2021-02-19,Sale,100.68,1153.0,116084.0,2495.0,Feb 20 05:55 PM,1263312,EXAS
45,ORVILLE JACOB A,"General Manager, New Ventures",2021-02-18,Option Exercise,0.0,3648.0,0.0,3648.0,Feb 20 05:55 PM,1263312,EXAS
46,Hoof Torsten,"General Manager, International",2021-02-15,Option Exercise,0.0,2091.0,0.0,5914.0,Mar 27 04:15 PM,1774167,EXAS
0,Beadle Kevin,Senior Vice President of Sales,2020-12-16,Sale,72.13,762.0,54963.0,0.0,Dec 16 06:23 PM,1370288,FARO
1,Tyrrell Katrona,Chief People Officer,2020-09-01,Sale,58.12,1565.0,90958.0,924.0,Sep 02 09:38 PM,1695808,FARO
2,Tohme Yazid,Chief R&D Officer,2020-08-24,Option Exercise,34.19,10525.0,359799.0,13951.0,Aug 26 08:10 PM,1768442,FARO
3,Tohme Yazid,Chief R&D Officer,2020-08-24,Sale,57.58,10525.0,606024.0,3426.0,Aug 26 08:10 PM,1768442,FARO
0,King Alexa,EVP and General Counsel,2020-12-23,Sale,24.0,50000.0,1200000.0,314124.0,Dec 28 07:14 PM,1586129,FEYE
1,King Alexa,EVP and General Counsel,2020-12-21,Sale,20.03,56532.0,1132376.0,364124.0,Dec 22 07:02 PM,1586129,FEYE
2,Robbins William T,"EVP, CRO & GM Products",2020-12-18,Sale,17.71,100000.0,1770711.0,332139.0,Dec 22 07:08 PM,1455951,FEYE
3,King Alexa,EVP and General Counsel,2020-12-18,Sale,18.0,43659.0,786024.0,420656.0,Dec 22 07:02 PM,1586129,FEYE
4,King Alexa,EVP and General Counsel,2020-08-10,Sale,16.01,43659.0,698771.0,474937.0,Aug 11 06:02 PM,1586129,FEYE
5,King Alexa,EVP and General Counsel,2020-06-02,Sale,12.69,1713.0,21743.0,518596.0,Jun 04 06:57 PM,1586129,FEYE
0,Greenblatt David A.,Director,2020-09-10,Option Exercise,57.53,4000.0,230120.0,17700.0,Sep 10 05:56 PM,1448344,CVCO
1,Urness Daniel L,"EVP, CFO & Treasurer",2020-06-04,Option Exercise,52.96,5200.0,275392.0,26814.0,Jun 08 01:05 PM,1336370,CVCO
2,Like Steven K.,Senior Vice President,2020-06-04,Option Exercise,52.96,2500.0,132400.0,4244.0,Jun 08 01:03 PM,1647998,CVCO
3,KEENER LARRY,See Remarks,2021-02-12,Option Exercise,82.15,9625.0,790688.0,9625.0,Feb 12 06:25 PM,1202404,CVCO
0,Levy Sarah Kirshbaum,Director,2020-09-03,Option Exercise,0.0,1292.0,0.0,1292.0,Sep 08 07:45 AM,1786657,FNKO
1,Fall Jung Jennifer,CHIEF FINANCIAL OFFICER,2020-08-13,Option Exercise,0.0,2232.0,0.0,2232.0,Aug 17 09:35 PM,1784540,FNKO
2,LUNSFORD MICHAEL C,Director,2020-06-25,Option Exercise,0.0,1592.0,0.0,1592.0,Jun 26 06:05 PM,1233989,FNKO
3,DENSON CHARLES D,Director,2020-06-25,Option Exercise,0.0,1592.0,0.0,96492.0,Jun 26 06:03 PM,1239159,FNKO
4,IRVINE DIANE M,Director,2020-06-25,Option Exercise,0.0,1592.0,0.0,2392.0,Jun 26 06:01 PM,1287611,FNKO
5,Mariotti Brian Richard,CHIEF EXECUTIVE OFFICER,2020-04-17,Option Exercise,0.0,4687.0,0.0,13352.0,Apr 21 06:25 PM,1719494,FNKO
6,Perlmutter Andrew Mark,PRESIDENT,2020-03-04,Option Exercise,0.0,2925.0,0.0,119757.0,Mar 06 05:15 PM,1719492,FNKO
7,Daw Tracy D,SEE REMARKS BELOW,2020-03-04,Option Exercise,0.0,1367.0,0.0,3372.0,Mar 06 05:14 PM,1501098,FNKO
0,Watson Karl,Chief Executive Officer,2020-12-21,Option Exercise,0.0,67500.0,0.0,872897.0,Dec 23 06:39 PM,1727355,FRTA
1,BHATIA VIKRANT,"Pres, Water Pipe & Products",2020-12-12,Option Exercise,0.0,2912.0,0.0,89782.0,Dec 14 06:48 PM,1628240,FRTA
2,Watson Karl,Chief Executive Officer,2020-11-25,Option Exercise,0.0,202500.0,0.0,1035081.0,Nov 27 03:49 PM,1727355,FRTA
3,Watson Karl,Chief Executive Officer,2020-11-05,Option Exercise,0.0,202500.0,0.0,912265.0,Nov 06 04:59 PM,1727355,FRTA
4,GRAYKEN JOHN P,10% Owner,2020-10-13,Sale,12.83,200000.0,2565000.0,34907250.0,Oct 13 07:02 PM,1267446,FRTA
5,GRAYKEN JOHN P,10% Owner,2020-09-21,Sale,12.83,10000000.0,128250000.0,35107250.0,Sep 21 06:10 PM,1267446,FRTA
6,Watson Karl,Chief Executive Officer,2020-09-18,Option Exercise,0.0,202500.0,0.0,709765.0,Sep 21 04:54 PM,1727355,FRTA
7,Sarrazin Jacques,Director,2020-08-07,Sale,14.35,10000.0,143500.0,16339.0,Aug 10 04:27 PM,1687496,FRTA
8,HUNTER RICHARD J,"Pres, Drainage Pipe & Products",2020-06-11,Option Exercise,0.0,5416.0,0.0,33917.0,Jun 12 04:41 PM,1742843,FRTA
9,Sarrazin Jacques,Director,2020-05-19,Option Exercise,0.0,18727.0,0.0,31958.0,May 21 05:33 PM,1687496,FRTA
10,McPherson John R,Director,2020-05-19,Option Exercise,0.0,18727.0,0.0,61078.0,May 21 05:32 PM,1531183,FRTA
11,McDonnough Clinton D,Director,2020-05-19,Option Exercise,0.0,18727.0,0.0,59629.0,May 21 05:31 PM,1663049,FRTA
12,Browne Lori M,Ex. VP and General Counsel,2020-03-14,Option Exercise,0.0,20039.0,0.0,67552.0,Mar 16 06:57 PM,1687488,FRTA
13,BHATIA VIKRANT,"Pres, Water Pipe & Products",2020-03-14,Option Exercise,0.0,18254.0,0.0,92044.0,Mar 16 06:54 PM,1628240,FRTA
14,HUNTER RICHARD J,"Pres, Drainage Pipe & Products",2020-03-14,Option Exercise,0.0,24404.0,0.0,28501.0,Mar 16 06:53 PM,1742843,FRTA
15,Brown Charles Rodney,EVP & Chief Financial Officer,2020-03-14,Option Exercise,0.0,29563.0,0.0,164479.0,Mar 16 06:51 PM,1718161,FRTA
16,Browne Lori M,Ex. VP and General Counsel,2020-03-01,Option Exercise,0.0,8312.0,0.0,49798.0,Mar 03 04:06 PM,1687488,FRTA
17,BHATIA VIKRANT,"Pres, Water Pipe & Products",2020-03-01,Option Exercise,0.0,8412.0,0.0,73790.0,Mar 03 04:04 PM,1628240,FRTA
18,Brown Charles Rodney,EVP & Chief Financial Officer,2020-03-01,Option Exercise,0.0,13625.0,0.0,134916.0,Mar 03 04:03 PM,1718161,FRTA
0,Katzman Steven B.,Chief Operating Officer,2021-01-28,Sale,16.01,12000.0,192120.0,524438.0,Jan 29 05:28 PM,1785416,SDC
1,Rammelt Susan Greenspon,"EVP, CLO, Secretary",2021-01-27,Sale,15.0,75000.0,1125000.0,278473.0,Jan 29 05:27 PM,1785238,SDC
2,Katzman Steven B.,Chief Operating Officer,2021-01-27,Sale,15.64,400000.0,6256000.0,524438.0,Jan 29 05:28 PM,1785416,SDC
3,"CD&R Investment Associates X, ",10% Owner,2020-11-23,Sale,11.5,10000000.0,115000000.0,11903167.0,Nov 25 04:30 PM,1759120,SDC
4,"CD&R Investment Associates X, ",10% Owner,2020-11-18,Sale,10.5,5000000.0,52500000.0,21903123.0,Nov 20 04:30 PM,1759120,SDC
5,WALLMAN RICHARD F,Director,2020-09-02,Buy,8.51,15000.0,127650.0,135685.0,Sep 02 10:40 AM,1198092,SDC
6,Katzman Jordan M.,Director,2020-08-31,Buy,8.05,663130.0,5338197.0,663130.0,Sep 02 08:24 AM,1785421,SDC
7,Wailes Kyle,Chief Financial Officer,2020-08-31,Buy,7.69,20000.0,153800.0,20000.0,Sep 02 08:25 AM,1787458,SDC
8,KATZMAN DAVID B,CEO and Chairman,2020-08-31,Buy,8.07,1278130.0,10319697.0,663130.0,Sep 02 08:25 AM,1216061,SDC
9,WALLMAN RICHARD F,Director,2020-08-14,Buy,7.8,53000.0,413400.0,120685.0,Aug 18 06:50 PM,1198092,SDC
10,Oswald Kay,President of International,2020-05-12,Sale,10.04,10000.0,100400.0,142656.0,May 14 07:08 PM,1787445,SDC
11,WALLMAN RICHARD F,Director,2020-03-16,Buy,4.68,8000.0,37439.0,34000.0,Mar 17 10:59 AM,1198092,SDC
0,Kanen David,Director,2020-09-04,Buy,4.24,9000.0,38156.0,563905.0,Sep 08 06:19 AM,1681743,BBQ
1,Kanen David,Director,2020-08-28,Buy,4.26,9406.0,40070.0,554905.0,Aug 31 08:08 AM,1681743,BBQ
2,Kanen David,Director,2020-08-20,Buy,3.45,36986.0,127720.0,1019806.0,Aug 21 08:09 AM,1681743,BBQ
3,Kanen David,Director,2020-08-19,Buy,3.15,249937.0,787402.0,545499.0,Aug 20 03:17 PM,1681743,BBQ
0,Jakeman David,Principal Accounting Officer,2021-01-28,Sale,8.61,3211.0,27650.0,96906.0,Jan 29 08:13 PM,1780556,CMRX
1,DEMSKI MARTHA J,Director,2020-11-17,Option Exercise,2.35,7042.0,16549.0,7042.0,Nov 19 12:57 PM,1198230,CMRX
2,Jakeman David,Principal Accounting Officer,2020-10-02,Sale,2.48,4270.0,10590.0,85117.0,Oct 02 04:06 PM,1780556,CMRX
3,Meyer Robert J.,Director,2020-08-19,Buy,2.92,3500.0,10220.0,13500.0,Aug 19 05:34 PM,1735298,CMRX
4,DEMSKI MARTHA J,Director,2020-08-10,Option Exercise,3.16,1584.0,5005.0,1584.0,Aug 11 05:49 PM,1198230,CMRX
5,DEMSKI MARTHA J,Director,2020-08-10,Sale,3.25,1584.0,5148.0,0.0,Aug 11 05:49 PM,1198230,CMRX
6,DEMSKI MARTHA J,Director,2020-08-07,Option Exercise,3.16,2500.0,7900.0,2500.0,Aug 10 05:54 PM,1198230,CMRX
7,DEMSKI MARTHA J,Director,2020-08-07,Sale,3.25,2500.0,8125.0,0.0,Aug 10 05:54 PM,1198230,CMRX
8,DEMSKI MARTHA J,Director,2020-08-06,Option Exercise,3.16,2500.0,7900.0,2500.0,Aug 10 05:54 PM,1198230,CMRX
9,DEMSKI MARTHA J,Director,2020-08-06,Sale,3.29,2500.0,8224.0,0.0,Aug 10 05:54 PM,1198230,CMRX
10,DEMSKI MARTHA J,Director,2020-08-05,Option Exercise,3.16,2500.0,7900.0,2500.0,Aug 06 12:55 PM,1198230,CMRX
11,DEMSKI MARTHA J,Director,2020-08-05,Sale,3.27,2500.0,8187.0,0.0,Aug 06 12:55 PM,1198230,CMRX
12,DEMSKI MARTHA J,Director,2020-08-04,Option Exercise,3.16,5000.0,15800.0,5000.0,Aug 06 12:55 PM,1198230,CMRX
13,DEMSKI MARTHA J,Director,2020-08-04,Sale,3.25,5000.0,16250.0,0.0,Aug 06 12:55 PM,1198230,CMRX
14,Andriole Michael T.,Chief Business Officer,2020-03-16,Buy,1.43,33300.0,47522.0,149729.0,Mar 17 11:58 AM,1698751,CMRX
15,MIDDLETON FRED A,Director,2020-03-12,Buy,1.4,50000.0,69900.0,197523.0,Mar 16 12:19 PM,1267959,CMRX
16,Sherman Michael A.,Chief Executive Officer,2020-03-12,Buy,1.45,72995.0,105653.0,102995.0,Mar 16 12:51 PM,1509463,CMRX
17,Nichols Garrett,Chief Medical Officer,2021-02-10,Sale,1.68,8805.0,14830.0,260066.0,Feb 11 04:19 PM,1618364,CMRX
0,Sponsel David,"EVP, Sales",2020-10-12,Sale,9.47,89999.0,852291.0,571840.0,Oct 14 02:03 PM,1772837,ATEC
1,Hunsaker Craig E,"EVP, People/Culture & GC",2020-10-08,Sale,8.62,62731.0,540579.0,985361.0,Oct 09 09:13 PM,1509282,ATEC
2,Black Jeffrey G.,EVP & CFO,2020-08-11,Sale,6.42,5000.0,32100.0,652770.0,Aug 13 06:07 PM,1449439,ATEC
3,Black Jeffrey G.,EVP & CFO,2020-08-04,Sale,5.03,8929.0,44913.0,657770.0,Aug 06 06:20 PM,1449439,ATEC
4,TULLIS JAMES L L,Director,2020-06-16,Sale,5.15,38000.0,195700.0,715828.0,Jun 18 07:32 PM,1230641,ATEC
5,Miles Patrick,CEO,2020-03-17,Buy,2.99,10900.0,32591.0,10900.0,Mar 19 03:31 PM,1289409,ATEC
6,Miles Patrick,CEO,2020-03-17,Buy,3.0,66600.0,199800.0,4150921.0,Mar 19 03:31 PM,1289409,ATEC
7,TULLIS JAMES L L,Director,2020-03-17,Sale,3.01,25000.0,75250.0,753828.0,Mar 17 06:29 PM,1230641,ATEC
8,TULLIS JAMES L L,Director,2020-03-16,Sale,3.37,25000.0,84250.0,778828.0,Mar 17 06:29 PM,1230641,ATEC
9,TULLIS JAMES L L,Director,2020-03-13,Sale,3.85,25000.0,96250.0,803828.0,Mar 17 06:29 PM,1230641,ATEC
10,Snider Brian,"EVP, Strat. Mktg. & Prod. Dev.",2020-03-11,Buy,4.48,45000.0,201600.0,493007.0,Mar 12 08:13 PM,1702383,ATEC
11,Sponsel David,"EVP, Sales",2020-03-11,Buy,4.51,11000.0,49610.0,443019.0,Mar 12 05:40 PM,1772837,ATEC
12,Black Jeffrey G.,EVP & CFO,2020-03-10,Sale,5.08,6563.0,33307.0,505299.0,Mar 12 12:55 PM,1449439,ATEC
0,McAvoy David R.,General Counsel and CCO,2020-09-18,Buy,0.84,6000.0,5039.0,6000.0,Sep 21 04:19 PM,1758842,BBI
1,McAvoy David R.,General Counsel and CCO,2020-09-18,Buy,0.83,16526.0,13713.0,75883.0,Sep 21 04:19 PM,1758842,BBI
2,VERU DENNISON T,Director,2020-09-16,Buy,0.8,14645.0,11758.0,50810.0,Sep 17 05:07 PM,1225341,BBI
3,VERU DENNISON T,Director,2020-09-15,Buy,0.81,15355.0,12416.0,36165.0,Sep 17 05:07 PM,1225341,BBI
0,Loretz Congdon Stacy,Director,2020-03-17,Buy,7.7,2500.0,19260.0,9348.0,Mar 19 04:32 PM,1382319,FARM
1,MOTTERN CHRISTOPHER P,Director,2020-03-17,Buy,8.05,2000.0,16105.0,50075.0,Mar 19 04:29 PM,1186495,FARM
2,MOTTERN CHRISTOPHER P,Director,2021-02-25,Buy,13.16,1000.0,13160.0,48075.0,Feb 25 05:44 PM,1186495,FARM
3,MOTTERN CHRISTOPHER P,Director,2021-02-24,Buy,13.59,1000.0,13593.0,47075.0,Feb 24 04:03 PM,1186495,FARM
4,MOTTERN CHRISTOPHER P,Director,2021-02-12,Buy,13.96,1000.0,13955.0,46075.0,Feb 13 05:23 PM,1186495,FARM
0,COLLINS JOHN T,Director,2020-12-28,Sale,7.0,6000.0,41984.0,2699.0,Dec 28 05:03 PM,1195060,KLXE
1,COLLINS JOHN T,Director,2020-12-17,Sale,6.88,2000.0,13759.0,8699.0,Dec 18 05:00 PM,1195060,KLXE
2,KHOURY AMIN J,Director,2020-06-11,Sale,2.39,100000.0,238800.0,1068071.0,Jun 12 04:25 PM,902607,KLXE
3,WEISE THEODORE L,Director,2020-06-08,Buy,3.19,13975.0,44527.0,35475.0,Jun 08 07:46 PM,1235201,KLXE
4,WEISE THEODORE L,Director,2020-06-05,Buy,2.4,12500.0,29940.0,21500.0,Jun 08 07:46 PM,1235201,KLXE
5,Roberts Gary J,VP and General Manager,2020-03-10,Buy,1.66,217461.0,360985.0,383720.0,Mar 11 04:33 PM,1628058,KLXE
0,"Cormorant Asset Management, LP",Former 10% Owner,2020-11-23,Buy,19.0,425000.0,8075000.0,3270544.0,Nov 23 04:59 PM,1583977,OLMA
1,Graham G. Walmsley,Director,2020-11-23,Buy,19.0,1160000.0,22040000.0,1160000.0,Nov 23 04:35 PM,1777517,OLMA
0,Finn Patrick John,Chief Commercial Officer,2021-02-02,Option Exercise,23.28,2702.0,62895.0,46729.0,Feb 04 04:57 PM,1755970,TWST
1,Finn Patrick John,Chief Commercial Officer,2021-02-02,Sale,183.59,2702.0,496060.0,44027.0,Feb 04 04:57 PM,1755970,TWST
2,Daniels Mark,See Remarks,2021-02-01,Option Exercise,26.66,1166.0,31086.0,69366.0,Feb 03 04:54 PM,1753840,TWST
3,Daniels Mark,See Remarks,2021-02-01,Sale,166.74,1166.0,194419.0,68200.0,Feb 03 04:54 PM,1753840,TWST
4,Daniels Mark,See Remarks,2021-01-28,Option Exercise,8.82,377.0,3325.0,68577.0,Feb 01 06:00 PM,1753840,TWST
5,Daniels Mark,See Remarks,2021-01-28,Sale,161.02,377.0,60705.0,68200.0,Feb 01 06:00 PM,1753840,TWST
6,Daniels Mark,See Remarks,2021-01-25,Option Exercise,23.33,620.0,14465.0,68820.0,Jan 26 05:48 PM,1753840,TWST
7,Green Paula,SVP of Human Resources,2021-01-25,Sale,193.0,246.0,47478.0,22250.0,Jan 26 05:49 PM,1753672,TWST
8,Banyai William,See Remarks,2021-01-25,Sale,192.54,14099.0,2714617.0,461937.0,Jan 26 05:48 PM,1753670,TWST
9,Daniels Mark,See Remarks,2021-01-25,Sale,193.0,905.0,174665.0,68200.0,Jan 26 05:48 PM,1753840,TWST
10,Leproust Emily M.,President & CEO,2021-01-20,Sale,209.73,5000.0,1048636.0,396196.0,Jan 21 04:30 PM,1753655,TWST
11,Leproust Emily M.,President & CEO,2021-01-19,Sale,200.41,20000.0,4008132.0,401196.0,Jan 21 04:30 PM,1753655,TWST
12,Leproust Emily M.,President & CEO,2021-01-14,Sale,184.34,10000.0,1843356.0,421196.0,Jan 19 05:02 PM,1753655,TWST
13,Leproust Emily M.,President & CEO,2021-01-12,Sale,166.88,2000.0,333751.0,431196.0,Jan 14 04:30 PM,1753655,TWST
14,Finn Patrick John,Chief Commercial Officer,2021-01-05,Option Exercise,23.28,2702.0,62895.0,46930.0,Jan 07 04:50 PM,1755970,TWST
15,Finn Patrick John,Chief Commercial Officer,2021-01-05,Sale,132.93,2702.0,359177.0,44228.0,Jan 07 04:50 PM,1755970,TWST
16,Daniels Mark,See Remarks,2021-01-04,Option Exercise,10.7,669.0,7158.0,69303.0,Jan 05 05:52 PM,1753840,TWST
17,Daniels Mark,See Remarks,2021-01-04,Sale,138.61,669.0,92730.0,68634.0,Jan 05 05:52 PM,1753840,TWST
18,Daniels Mark,See Remarks,2020-12-31,Option Exercise,26.66,1166.0,31086.0,69953.0,Jan 05 05:52 PM,1753840,TWST
19,Daniels Mark,See Remarks,2020-12-31,Sale,152.13,1166.0,177384.0,68787.0,Jan 05 05:52 PM,1753840,TWST
20,Daniels Mark,See Remarks,2020-12-28,Option Exercise,8.82,377.0,3325.0,69164.0,Dec 29 05:53 PM,1753840,TWST
21,Daniels Mark,See Remarks,2020-12-28,Sale,167.1,377.0,62997.0,68787.0,Dec 29 05:53 PM,1753840,TWST
22,Daniels Mark,See Remarks,2020-12-24,Option Exercise,23.33,620.0,14465.0,69407.0,Dec 29 05:53 PM,1753840,TWST
23,Leproust Emily M.,President & CEO,2020-12-24,Option Exercise,5.95,5300.0,31535.0,433959.0,Dec 28 08:00 PM,1753655,TWST
24,Daniels Mark,See Remarks,2020-12-24,Sale,167.79,620.0,104030.0,68787.0,Dec 29 05:53 PM,1753840,TWST
25,Leproust Emily M.,President & CEO,2020-12-23,Sale,169.31,5000.0,846531.0,428659.0,Dec 28 08:00 PM,1753655,TWST
26,Leproust Emily M.,President & CEO,2020-12-22,Sale,160.12,5000.0,800583.0,433659.0,Dec 23 04:33 PM,1753655,TWST
27,Daniels Mark,See Remarks,2020-12-21,Option Exercise,9.67,12451.0,120393.0,68787.0,Dec 23 04:32 PM,1753840,TWST
28,Leproust Emily M.,President & CEO,2020-12-21,Sale,150.33,10000.0,1503336.0,438659.0,Dec 22 05:31 PM,1753655,TWST
29,Leproust Emily M.,President & CEO,2020-12-18,Sale,144.99,2000.0,289972.0,448659.0,Dec 22 05:31 PM,1753655,TWST
30,Daniels Mark,See Remarks,2020-12-15,Option Exercise,18.11,68844.0,1246597.0,126811.0,Dec 17 07:25 PM,1753840,TWST
31,Banyai William,See Remarks,2020-12-15,Sale,132.66,20000.0,2653185.0,476440.0,Dec 17 07:27 PM,1753670,TWST
32,Green Paula,SVP of Human Resources,2020-12-15,Sale,139.73,4634.0,647509.0,22804.0,Dec 17 07:26 PM,1753672,TWST
33,Leproust Emily M.,President & CEO,2020-12-15,Sale,134.24,70000.0,9396516.0,450659.0,Dec 17 07:26 PM,1753655,TWST
34,Daniels Mark,See Remarks,2020-12-15,Sale,132.67,70475.0,9350205.0,56336.0,Dec 17 07:25 PM,1753840,TWST
35,Weiss Patrick,Chief Operating Officer,2020-12-14,Option Exercise,24.62,40000.0,984825.0,94350.0,Dec 16 05:47 PM,1755793,TWST
36,Weiss Patrick,Chief Operating Officer,2020-12-14,Sale,144.0,40000.0,5760161.0,54350.0,Dec 16 05:47 PM,1755793,TWST
37,Weiss Patrick,Chief Operating Officer,2020-12-11,Option Exercise,8.71,3558.0,30994.0,57773.0,Dec 14 05:42 PM,1755793,TWST
38,Weiss Patrick,Chief Operating Officer,2020-12-11,Sale,151.13,3558.0,537721.0,54350.0,Dec 14 05:42 PM,1755793,TWST
39,Weiss Patrick,Chief Operating Officer,2020-12-10,Option Exercise,8.71,3550.0,30935.0,57769.0,Dec 14 05:42 PM,1755793,TWST
40,THORBURN JAMES M,Chief Financial Officer,2020-12-10,Option Exercise,15.11,20000.0,302146.0,69718.0,Dec 14 05:43 PM,1252038,TWST
41,THORBURN JAMES M,Chief Financial Officer,2020-12-10,Sale,149.11,20018.0,2984890.0,49700.0,Dec 14 05:43 PM,1252038,TWST
42,Weiss Patrick,Chief Operating Officer,2020-12-10,Sale,138.62,3550.0,492101.0,54350.0,Dec 14 05:42 PM,1755793,TWST
43,Finn Patrick John,Chief Commercial Officer,2020-12-07,Option Exercise,21.13,25845.0,546141.0,70267.0,Dec 09 04:30 PM,1755970,TWST
44,Finn Patrick John,Chief Commercial Officer,2020-12-07,Sale,131.46,25845.0,3397582.0,44422.0,Dec 09 04:30 PM,1755970,TWST
45,CRANDELL KEITH,Director,2020-12-07,Sale,103.4,75000.0,7755000.0,288104.0,Dec 09 05:11 PM,1219039,TWST
46,Banyai William,See Remarks,2020-11-30,Sale,113.65,2790.0,317084.0,496440.0,Dec 02 04:25 PM,1753670,TWST
47,Weiss Patrick,Chief Operating Officer,2020-11-13,Option Exercise,8.71,3550.0,30935.0,58997.0,Nov 16 05:39 PM,1755793,TWST
48,Weiss Patrick,Chief Operating Officer,2020-11-13,Sale,107.2,3550.0,380560.0,55578.0,Nov 16 05:39 PM,1755793,TWST
49,Weiss Patrick,Chief Operating Officer,2020-11-12,Option Exercise,8.71,3550.0,30935.0,58997.0,Nov 16 05:39 PM,1755793,TWST
50,Weiss Patrick,Chief Operating Officer,2020-11-12,Sale,102.9,3550.0,365295.0,55578.0,Nov 16 05:39 PM,1755793,TWST
51,Weiss Patrick,Chief Operating Officer,2020-10-09,Option Exercise,8.71,3550.0,30935.0,60118.0,Oct 13 04:09 PM,1755793,TWST
52,Weiss Patrick,Chief Operating Officer,2020-10-09,Sale,86.63,3550.0,307537.0,56699.0,Oct 13 04:09 PM,1755793,TWST
53,Weiss Patrick,Chief Operating Officer,2020-10-08,Option Exercise,8.71,3550.0,30935.0,60118.0,Oct 13 04:09 PM,1755793,TWST
54,Weiss Patrick,Chief Operating Officer,2020-10-08,Sale,89.58,3550.0,318009.0,56699.0,Oct 13 04:09 PM,1755793,TWST
55,Weiss Patrick,Chief Operating Officer,2020-09-18,Option Exercise,8.71,3550.0,30935.0,60118.0,Sep 21 04:58 PM,1755793,TWST
56,Weiss Patrick,Chief Operating Officer,2020-09-18,Sale,65.21,3550.0,231496.0,56699.0,Sep 21 04:58 PM,1755793,TWST
57,Weiss Patrick,Chief Operating Officer,2020-09-17,Option Exercise,8.71,3550.0,30935.0,67689.0,Sep 21 04:58 PM,1755793,TWST
58,Weiss Patrick,Chief Operating Officer,2020-09-17,Sale,60.75,11121.0,675601.0,56699.0,Sep 21 04:58 PM,1755793,TWST
59,Green Paula,VP of Human Resources,2020-09-16,Option Exercise,6.92,26988.0,186825.0,46458.0,Sep 18 05:08 PM,1753672,TWST
60,Green Paula,VP of Human Resources,2020-09-16,Sale,63.37,26988.0,1710100.0,28615.0,Sep 18 05:08 PM,1753672,TWST
61,THORBURN JAMES M,Chief Financial Officer,2020-09-09,Option Exercise,26.66,20000.0,533200.0,71719.0,Sep 11 04:13 PM,1252038,TWST
62,THORBURN JAMES M,Chief Financial Officer,2020-09-09,Sale,65.96,20000.0,1319124.0,51719.0,Sep 11 04:13 PM,1252038,TWST
63,THORBURN JAMES M,Chief Financial Officer,2020-09-08,Option Exercise,13.87,70000.0,970876.0,111130.0,Sep 09 06:03 PM,1252038,TWST
64,Leproust Emily M.,President & CEO,2020-09-08,Sale,60.35,3482.0,210156.0,607698.0,Sep 09 06:04 PM,1753655,TWST
65,THORBURN JAMES M,Chief Financial Officer,2020-09-08,Sale,63.08,70000.0,4415790.0,51719.0,Sep 09 06:03 PM,1252038,TWST
66,THORBURN JAMES M,Chief Financial Officer,2020-09-04,Option Exercise,11.59,30000.0,347700.0,81719.0,Sep 09 06:03 PM,1252038,TWST
67,THORBURN JAMES M,Chief Financial Officer,2020-09-04,Sale,63.58,30000.0,1907309.0,51719.0,Sep 09 06:03 PM,1252038,TWST
68,Leproust Emily M.,President & CEO,2020-09-04,Sale,63.08,96518.0,6088154.0,611180.0,Sep 09 06:04 PM,1753655,TWST
69,Finn Patrick John,Chief Commercial Officer,2020-08-31,Option Exercise,8.82,2358.0,20798.0,38748.0,Sep 02 04:41 PM,1755970,TWST
70,Finn Patrick John,Chief Commercial Officer,2020-08-27,Sale,67.22,2358.0,158495.0,36390.0,Aug 31 07:11 PM,1755970,TWST
71,Daniels Mark,See Remarks,2020-08-17,Option Exercise,5.95,20994.0,124914.0,74712.0,Aug 18 06:52 PM,1753840,TWST
72,Daniels Mark,See Remarks,2020-08-17,Sale,68.07,20994.0,1429098.0,53718.0,Aug 18 06:52 PM,1753840,TWST
73,Daniels Mark,See Remarks,2020-08-14,Option Exercise,5.95,9006.0,53586.0,62724.0,Aug 17 04:24 PM,1753840,TWST
74,Daniels Mark,See Remarks,2020-08-14,Sale,66.17,9006.0,595902.0,53718.0,Aug 17 04:24 PM,1753840,TWST
75,Daniels Mark,See Remarks,2020-08-13,Option Exercise,5.95,14502.0,86287.0,68220.0,Aug 17 04:24 PM,1753840,TWST
76,Daniels Mark,See Remarks,2020-08-13,Sale,64.53,14502.0,935838.0,53718.0,Aug 17 04:24 PM,1753840,TWST
77,Leproust Emily M.,President & CEO,2020-08-07,Sale,69.98,14000.0,979786.0,689055.0,Aug 11 04:26 PM,1753655,TWST
78,Finn Patrick John,Chief Commercial Officer,2020-07-31,Option Exercise,8.82,2358.0,20798.0,39097.0,Aug 04 04:46 PM,1755970,TWST
79,Finn Patrick John,Chief Commercial Officer,2020-07-31,Option Exercise,8.82,2358.0,20798.0,39097.0,Aug 04 04:42 PM,1755970,TWST
80,Finn Patrick John,Chief Commercial Officer,2020-07-23,Sale,59.11,2358.0,139375.0,36739.0,Jul 27 05:31 PM,1755970,TWST
81,Leproust Emily M.,President & CEO,2020-07-21,Sale,59.33,15000.0,889967.0,703055.0,Jul 22 05:48 PM,1753655,TWST
82,Banyai William,See Remarks,2020-07-16,Sale,53.12,11000.0,584282.0,493592.0,Jul 17 06:10 PM,1753670,TWST
83,Banyai William,See Remarks,2020-07-15,Sale,55.61,11000.0,611694.0,504592.0,Jul 17 06:10 PM,1753670,TWST
84,Finn Patrick John,Chief Commercial Officer,2020-07-08,Option Exercise,26.66,28820.0,768341.0,39097.0,Jul 10 06:45 AM,1755970,TWST
85,Leproust Emily M.,President & CEO,2020-07-08,Sale,50.37,19700.0,992289.0,718055.0,Jul 10 06:44 AM,1753655,TWST
86,Banyai William,See Remarks,2020-07-08,Sale,53.15,25000.0,1328793.0,515592.0,Jul 10 04:15 PM,1753670,TWST
87,Finn Patrick John,Chief Commercial Officer,2020-07-07,Sale,47.11,16084.0,757658.0,10277.0,Jul 10 06:45 AM,1755970,TWST
88,Leproust Emily M.,President & CEO,2020-07-07,Sale,49.0,300.0,14700.0,737755.0,Jul 10 06:44 AM,1753655,TWST
89,Finn Patrick John,Chief Commercial Officer,2020-07-06,Sale,46.69,11336.0,529271.0,26361.0,Jul 08 05:52 PM,1755970,TWST
90,Finn Patrick John,Chief Commercial Officer,2020-07-02,Sale,46.68,1400.0,65354.0,37697.0,Jul 07 08:05 PM,1755970,TWST
91,Finn Patrick John,Chief Commercial Officer,2020-06-25,Option Exercise,8.82,841.0,7418.0,39097.0,Jun 29 06:05 PM,1755970,TWST
92,Daniels Mark,See Remarks,2020-06-16,Option Exercise,5.95,3536.0,21039.0,57254.0,Jun 17 05:18 PM,1753840,TWST
93,Banyai William,See Remarks,2020-06-16,Sale,38.75,11000.0,426204.0,540592.0,Jun 17 05:18 PM,1753670,TWST
94,Daniels Mark,See Remarks,2020-06-16,Sale,38.8,3536.0,137181.0,53718.0,Jun 17 05:18 PM,1753840,TWST
95,Green Paula,VP of Human Resources,2020-06-15,Option Exercise,5.95,16833.0,100156.0,39448.0,Jun 17 05:17 PM,1753672,TWST
96,Banyai William,See Remarks,2020-06-15,Sale,38.15,11000.0,419607.0,551592.0,Jun 17 05:18 PM,1753670,TWST
97,Green Paula,VP of Human Resources,2020-06-15,Sale,38.0,16833.0,639654.0,22615.0,Jun 17 05:17 PM,1753672,TWST
98,Daniels Mark,See Remarks,2020-06-10,Sale,40.0,1962.0,78480.0,53718.0,Jun 11 06:42 PM,1753840,TWST
99,Weiss Patrick,Chief Operating Officer,2020-06-08,Sale,37.25,20000.0,744940.0,57606.0,Jun 10 04:44 PM,1755793,TWST
